schema,rally_id,stroke_id,t,source,in_pos_x,in_pos_y,in_pos_z,in_vel_x,in_vel_y,in_vel_z,in_spin_x,in_spin_y,in_spin_z,serve_pos_x,serve_pos_y,serve_pos_z,serve_vel_x,serve_vel_y,serve_vel_z,paddle_pos_x,paddle_pos_y,paddle_pos_z,paddle_normal_x,paddle_normal_y,paddle_normal_z,paddle_vel_x,paddle_vel_y,paddle_vel_z,out_vel_x,out_vel_y,out_vel_z,out_spin_x,out_spin_y,out_spin_z,landing_x,landing_y,landing_z,result,net_clearance,flight_time,bounces
2,1,1,1786442102.0630,human,-1.101641,-0.060267,1.013314,-2.425965,-0.139219,0.597827,-2.177363,-90.348230,-11.193343,1.049803,0.258084,1.027232,-4.433930,-0.807300,1.615740,-1.120000,-0.061315,1.017442,0.972665,-0.101208,-0.208999,4.177416,-0.263995,6.213603,7.931995,-1.068022,1.921353,21.972393,168.610354,-21.962311,1.108113,-0.397693,0.779998,in,,,1
2,2,1,1786442105.9784,human,-1.118567,-0.125826,0.993266,-2.191177,-0.010427,0.630531,8.329868,-63.133361,11.039575,0.783514,-0.250521,1.013220,-4.009803,0.374644,1.469120,-1.120000,-0.125834,0.993633,0.976115,-0.118045,-0.182388,4.137274,-0.141380,6.292546,7.897244,-0.865941,1.987596,31.384787,174.295906,-15.521827,1.065197,-0.394017,0.779998,in,,,1
2,3,1,1786442110.1019,human,-1.103286,-0.507559,0.967615,-1.663342,-0.856682,-1.180664,34.280190,-84.213771,52.263982,1.006643,0.149850,0.988613,-3.764162,-0.689213,1.795602,-1.120000,-0.516207,0.955101,0.997796,0.051731,-0.041559,4.141420,0.387751,6.293987,8.854487,0.494268,2.154508,15.748774,198.084413,-7.969148,1.210150,-0.393973,0.779998,in,,,1
2,1,1,1787408371.6819,human,-1.119996,0.020540,0.964244,-2.957041,0.590045,0.375385,-33.921005,-64.776256,4.558848,1.012226,-0.319898,1.004550,-5.010661,0.775083,1.154661,-1.120000,0.020541,0.964184,0.996328,0.049841,-0.069613,3.420460,-2.756087,3.960783,8.383775,-0.292969,1.700580,-32.404212,93.551544,112.804431,1.269706,0.169613,0.779999,in,,,1
2,2,1,1787408375.6955,human,-1.103074,0.043931,1.047326,-2.316404,-0.222258,-0.043194,9.840805,-113.880389,7.878543,1.092113,0.301942,0.927162,-3.965463,-0.464840,2.275832,-1.120000,0.042303,1.046628,0.976648,-0.213563,-0.023456,3.264048,-1.833015,-0.956796,8.356646,-2.641299,0.262431,17.343758,-72.357169,14.157040,1.316730,-0.680599,0.779999,in,,,1
2,3,1,1787408379.4874,human,-1.101541,0.011407,0.933995,-2.625715,-0.351638,0.103165,-5.126076,-12.260534,-3.093686,0.750355,0.288027,0.948871,-4.258531,-0.667987,1.056674,-1.120000,0.008937,0.934454,0.941637,0.256133,0.218439,1.563213,-0.311718,0.766806,4.748119,1.204063,1.775850,-11.364467,-14.825309,28.784162,0.778010,0.558122,0.779996,in,,,1
2,4,1,1787408383.9453,human,-1.104652,-0.589672,1.054632,-2.403564,-1.097882,-0.385493,52.232238,-120.776542,14.830490,1.127815,0.335906,0.933585,-3.926323,-1.490194,2.398341,-1.120000,-0.596689,1.051892,0.959564,0.176404,-0.219360,3.524647,-0.994081,4.780044,6.654093,0.343234,1.196711,6.363599,141.881708,31.232868,0.664841,-0.450658,0.779998,in,,,1
2,5,1,1787408387.9602,human,-1.110098,0.470334,0.983246,-2.607796,1.050720,0.070667,-43.165080,-129.774853,-53.088608,0.793254,-0.275790,0.983836,-4.532684,1.524774,1.414127,-1.120000,0.474338,0.983336,0.968210,0.074006,-0.238942,4.516650,-0.445294,5.358737,8.436675,0.563604,1.212167,-38.897467,151.182941,43.123270,0.767051,0.648018,0.779998,in,,,1
2,6,1,1787408391.4871,human,-1.109670,0.113909,0.855779,-4.571364,-0.233575,1.693805,3.994285,-179.165067,-27.101801,0.843722,0.305427,1.001166,-7.162665,-0.884284,0.998164,-1.120000,0.113389,0.859439,0.941586,-0.022786,-0.336002,2.376822,-0.693349,7.464556,5.114126,-0.766492,3.056606,18.954866,161.169299,-5.735238,0.941481,-0.201384,0.779998,in,,,1
2,7,1,1787408395.5699,human,-1.114480,-0.267417,0.838254,-2.543105,0.205463,2.040860,-8.137925,-45.084464,-5.403140,0.992312,-0.389554,1.029775,-4.706691,0.231697,1.644356,-1.120000,-0.266969,0.842583,0.930496,0.048766,-0.363042,4.961551,1.741697,8.749198,6.957694,1.089731,2.572917,-33.797540,250.754256,-32.506445,0.688885,-0.032611,0.779999,in,,,1
2,8,1,1787408399.6674,human,-1.108818,0.151019,0.897517,-2.023438,0.341918,-1.320834,-21.179121,-44.683974,1.127309,1.084703,-0.127080,0.947116,-3.856192,0.406923,1.583511,-1.120000,0.152906,0.889982,0.949972,-0.177984,0.256660,1.832941,-0.617085,1.022381,5.665171,-1.158023,1.671071,-9.549845,20.375396,5.513939,0.843270,-0.234852,0.779999,in,,,1
2,9,1,1787408403.9171,human,-1.113819,0.365466,1.000869,-2.033445,0.333750,-0.526617,-11.158282,-64.416657,27.431423,0.971275,-0.141129,0.990130,-3.792939,1.145170,1.627083,-1.120000,0.366478,0.999170,0.953809,-0.287301,0.087786,3.101712,-2.338814,-1.058902,7.970507,-2.907385,0.507691,-10.700744,-56.144595,43.681885,1.243675,-0.392206,0.779999,in,,,1
2,10,1,1787408407.8686,human,-1.104871,-0.289754,0.990395,-2.201320,0.004262,-0.110785,3.308966,-108.814661,-28.958754,0.788020,-0.373260,0.940670,-3.920438,0.122103,1.710354,-1.120000,-0.289714,0.989288,0.999888,-0.009566,-0.011542,3.528924,0.966110,-1.068070,8.580198,0.076515,0.278564,3.291607,-70.281706,-42.109966,1.210450,-0.346709,0.780000,in,,,1
2,11,1,1787408411.6174,human,-1.103169,0.116599,0.926206,-3.274072,-0.227216,1.102848,16.735161,-135.629567,-52.818376,0.889681,0.340099,0.986341,-5.409405,-0.926172,1.364033,-1.120000,0.115452,0.931601,0.985206,-0.064936,-0.158595,2.145217,2.311369,1.611597,6.465267,-0.096367,1.171066,13.852311,-14.633471,-109.652553,0.858800,-0.106101,0.779999,in,,,1
2,12,1,1787408415.4298,human,-1.108985,0.257017,0.869562,-4.334821,0.164029,1.159724,2.555572,-118.053765,49.660564,0.887906,0.047655,0.942692,-6.575690,1.024056,1.087539,-1.120000,0.257422,0.872387,0.925663,-0.328324,-0.188020,1.858144,0.681800,5.938695,4.840049,-1.523627,2.640960,61.357184,114.681665,-58.800507,0.705208,-0.454199,0.779996,in,,,1
2,13,1,1787408419.6739,human,-1.114095,0.014292,1.008753,-2.607938,-0.029894,0.326479,8.856098,-103.458002,-48.735446,0.965890,0.164396,1.055131,-4.632901,-0.640751,1.230635,-1.120000,0.014231,1.009388,0.984343,-0.145325,-0.099749,3.899490,1.730667,1.837522,8.760384,-0.992641,0.849685,20.352917,20.424587,-101.424572,1.185644,-0.434287,0.779999,in,,,1
2,14,1,1787408423.7846,human,-1.106339,0.494584,0.938886,-1.600815,0.781882,-1.586691,-40.133843,-82.815069,-1.435612,0.812143,-0.257277,1.047416,-3.206594,1.095815,1.596240,-1.120000,0.501257,0.924839,0.995812,-0.048083,-0.077765,3.552121,0.396025,9.092052,6.877373,0.283750,2.862852,-19.396499,298.864677,5.054222,0.904787,0.584214,0.780000,in,,,1
2,15,1,1787408427.5970,human,-1.111478,-0.258341,0.941056,-3.244269,-0.306072,0.851385,10.884216,-48.950268,-21.373081,0.957055,-0.016824,1.059650,-5.308040,-0.759467,0.758636,-1.120000,-0.259142,0.943197,0.941922,0.200265,-0.269585,4.729931,1.201690,9.106981,7.874369,1.815524,2.310608,-54.221932,278.879754,-4.167471,0.776426,0.170132,0.779998,in,,,1
2,16,1,1787408431.3195,human,-1.113056,0.084297,0.869443,-3.484259,-0.173927,1.441622,-3.370253,-46.440551,-52.253804,0.850467,0.330663,1.038023,-5.499021,-1.027920,0.825005,-1.120000,0.083956,0.872263,0.982485,0.034863,-0.183051,3.048486,0.087534,7.685457,6.895494,-0.212323,2.871580,-6.809707,201.421691,-22.242114,1.097485,-0.024452,0.779998,in,,,1
2,17,1,1787408435.1741,human,-1.119981,0.067063,0.841794,-3.131503,-0.422358,2.154524,19.747044,-155.641103,52.967098,0.850520,0.242427,1.000733,-5.432568,-0.150045,1.774250,-1.120000,0.067053,0.841709,0.973825,0.065544,-0.217643,2.208666,-1.107883,1.245558,-3.131503,-0.422358,2.154524,19.747044,-155.641103,52.967098,-1.720365,-0.034816,1.002667,out,,,0
2,18,1,1787408438.6315,human,-1.117866,-0.202828,0.911007,-3.497703,-0.594358,0.476039,32.200968,-97.187873,35.074449,0.811198,-0.031874,0.925991,-5.497131,-0.216757,1.141685,-1.120000,-0.203197,0.911193,0.949500,0.292390,-0.113829,2.202205,-1.453053,8.860350,4.700106,1.178274,3.934649,-58.690076,219.121450,88.602531,1.039247,0.623540,0.779996,in,,,1
2,1,1,1787408471.9305,human,-1.119854,-0.105587,0.878604,-3.234550,-0.630059,1.791295,20.603905,-144.626936,38.229072,0.896200,0.337241,1.010741,-5.595768,-1.004037,1.557119,-1.120000,-0.105621,0.878571,0.956418,0.142689,-0.254765,3.577568,-2.748553,4.819421,7.443835,0.006171,2.080933,5.857872,80.261058,106.732093,1.202769,0.130190,0.779999,in,,,1
2,2,1,1787408475.7833,human,-1.114144,0.028919,0.849912,-3.594159,0.039083,1.672826,-17.220440,-104.473487,-7.381935,1.103477,0.117311,0.927132,-5.993979,-0.318535,1.723104,-1.120000,0.028985,0.852528,0.977892,-0.182823,-0.101507,1.832793,-1.545189,0.588665,6.909800,-2.210455,1.224342,-6.391252,-57.371549,13.591475,1.076712,-0.638327,0.780000,in,,,1
2,3,1,1787408479.7415,human,-1.106809,-0.061714,0.984316,-2.707699,0.456750,0.017326,-20.419025,-135.267875,-17.287992,0.955347,-0.294711,0.973487,-4.732546,0.375394,1.497970,-1.120000,-0.059484,0.984204,0.980787,0.172230,-0.091617,2.115618,1.311504,1.836725,6.183165,1.848919,1.139502,-42.433488,8.729148,-5.040327,0.769590,0.485748,0.779998,in,,,1
2,4,1,1787408483.6571,human,-1.111251,0.371273,0.860708,-3.729443,1.593354,1.842313,-64.572049,-162.551448,-46.690726,0.997121,-0.440889,0.977096,-6.515786,2.152992,1.665044,-1.120000,0.375023,0.864876,0.850926,-0.353229,-0.388785,2.565828,-2.262851,6.356348,5.413749,-3.062851,2.080686,76.635327,119.631206,8.643770,0.454753,-0.497085,0.779997,in,,,1
2,1,1,1787408505.2357,human,-1.112009,0.085205,0.992637,-3.149255,0.498455,0.639392,-26.716567,-155.466339,17.519082,1.063040,-0.372756,0.947029,-4.954260,1.207808,1.987316,-1.120000,0.086467,0.994162,0.979014,0.020969,-0.202713,3.620165,-2.789618,4.187223,8.268365,-0.541673,1.519816,-10.673844,82.802036,111.513731,1.251364,0.156749,0.779999,in,,,1
2,2,1,1787408509.2831,human,-1.099913,0.203704,1.035931,-2.589217,0.120018,-0.356924,-7.269618,-128.941169,7.579262,1.045533,0.104882,1.021288,-4.166485,0.218725,1.674827,-1.120000,0.204631,1.032709,0.955650,-0.294204,-0.013293,3.044598,-1.893759,-0.695694,8.155048,-3.232548,0.392790,11.139698,-64.039992,10.815094,1.285072,-0.709106,0.779999,in,,,1
