agent,n,success_rate,goal_err_median,goal_err_p90,place_err_median_m,within_10cm,infer_ms_per_stroke,net_rate,out_rate,err_land_x,err_land_y,err_speed,err_topspin,err_sidespin,family,n_train,wall_seconds,demo_iters,demo_pop,eval_n,robust_k,robust_weight
knn,3000,0.7136666666666667,0.3908566521983281,0.6517215899711183,0.3375833778584659,0.0649229332087809,0.0058804333287601,0.0566666666666666,0.2266666666666666,0.2251991646647426,0.1538388339838398,0.6692877619094748,58.54859954197893,51.82955912678898,knn (hq demos),500,0.4,8.0,256.0,3000,0.0,0.25
knn,3000,0.7433333333333333,0.3220695452221507,0.5492661211191373,0.2695992564579504,0.1071748878923766,0.0197893666724363,0.05,0.2046666666666666,0.2010438630659741,0.11176567910403,0.6656591000704006,45.25739138260642,45.88763952568989,knn (hq demos),2000,0.4,8.0,256.0,3000,0.0,0.25
knn,3000,0.7933333333333333,0.2676187730168796,0.4883032177799966,0.2182442006646595,0.1630252100840336,0.1738047999873136,0.0423333333333333,0.1643333333333333,0.1630854346248221,0.0893334418490185,0.593372274400048,40.91180425243897,43.5364617449708,knn (hq demos),20000,1.0,8.0,256.0,3000,0.0,0.25
knn,3000,0.7923333333333333,0.248753923196918,0.4569991438065688,0.1973085369615232,0.1935212452671434,0.4628569333193203,0.0386666666666666,0.169,0.1524909685174219,0.0781195698300855,0.57165703317136,38.27098501821919,41.5996801214792,knn (hq demos),200000,1.8,8.0,256.0,3000,0.0,0.25
policy-mlp,3000,0.6083333333333333,0.3555707580107383,0.6361549589615472,0.3256959442713317,0.0750684931506849,0.00054760001755,0.047,0.2963333333333333,0.2818263057466004,0.0971999891908044,0.7752234731758794,45.645353557589615,52.13709123161064,policy-mlp (hq demos),500,0.3,8.0,256.0,3000,0.0,0.25
mdn,3000,0.6396666666666667,0.3341139700920334,0.5884524248862918,0.3114914002130181,0.085461177696717,0.0013037999936689,0.1003333333333333,0.2083333333333333,0.2650939482914114,0.0830676787874784,0.898265913178653,45.67749999531509,50.31048803078289,mdn (hq demos),500,0.3,8.0,256.0,3000,0.0,0.25
mdn+rank,3000,0.3323333333333333,0.6699877417186205,1.0968296715857138,0.5121790001186362,0.0310932798395185,0.0010669000136355,0.194,0.4583333333333333,0.2950834693828899,0.266800326180773,4.30512513981118,108.36025150349764,46.557660899296,mdn+rank (hq demos),500,0.4,8.0,256.0,3000,0.0,0.25
policy-mlp,3000,0.7436666666666667,0.306638732866079,0.5443963549139915,0.2867637273951081,0.1147467503361721,0.0004639333346858,0.0403333333333333,0.196,0.2537002074840525,0.0675657339377955,0.6256349389841498,39.46000764234827,53.0163633936146,policy-mlp (hq demos),2000,0.4,8.0,256.0,3000,0.0,0.25
mdn,3000,0.73,0.2300042603755581,0.4101892257738087,0.2075079356338351,0.1876712328767123,0.0005278999839598,0.0863333333333333,0.1633333333333333,0.1687934156836102,0.0640600334726092,0.500370010744347,30.565472661359685,39.244675855934105,mdn (hq demos),2000,0.3,8.0,256.0,3000,0.0,0.25
mdn+rank,3000,0.382,0.3643017430287912,0.7295431183479737,0.356670357489263,0.0767888307155322,0.0010789333221813,0.0236666666666666,0.4716666666666667,0.2936977037947257,0.1124845060985884,0.7747836078695816,49.60482884326112,38.84289408234278,mdn+rank (hq demos),2000,0.7,8.0,256.0,3000,0.0,0.25
policy-mlp,3000,0.793,0.1767191558434013,0.367071109813432,0.1273573833838856,0.4022698612862547,0.0004730333263675,0.0146666666666666,0.192,0.1118767560199548,0.036827670797019,0.4555673929876276,32.6882046685588,38.94751438817994,policy-mlp (hq demos),20000,0.3,8.0,256.0,3000,0.0,0.25
mdn,3000,0.9183333333333332,0.1526183223321126,0.3439467412250551,0.075392280902468,0.619600725952813,0.0005439999901379,0.0226666666666666,0.0586666666666666,0.0616447174269336,0.0261295885532252,0.5221620204857107,30.721846368863112,40.5387278326254,mdn (hq demos),20000,0.3,8.0,256.0,3000,0.0,0.25
mdn+rank,3000,0.5416666666666666,0.1755115953115635,0.5179126807241327,0.1041244326507309,0.4806153846153846,0.0010957333336894,0.1073333333333333,0.3253333333333333,0.0890483022147629,0.0258049471557098,0.5853655777562174,40.00843782820573,54.06677397845171,mdn+rank (hq demos),20000,0.3,8.0,256.0,3000,0.0,0.25
policy-mlp,3000,0.8073333333333333,0.1582477560960503,0.3528568373919774,0.1145408100772079,0.4475639966969447,0.0005367000121623,0.007,0.1856666666666666,0.1034678372411611,0.0313652917515003,0.4476930864910566,29.81560965345477,36.49220107049819,policy-mlp (hq demos),200000,0.3,8.0,256.0,3000,0.0,0.25
mdn,3000,0.9533333333333334,0.1609742845888261,0.3651814562328598,0.0610131897698016,0.701048951048951,0.0004825000263129,0.0056666666666666,0.041,0.0547031218512565,0.0160535959600365,0.4336906193711645,33.886096375829254,63.7178150819021,mdn (hq demos),200000,0.3,8.0,256.0,3000,0.0,0.25
mdn+rank,3000,0.889,0.1567650840191213,0.4003718383946764,0.0710322996359213,0.6314210723659542,0.0011409000338365,0.0186666666666666,0.0923333333333333,0.0626356270544661,0.0203043208511076,0.5465738367534305,38.21675587859701,41.26028085872778,mdn+rank (hq demos),200000,0.5,8.0,256.0,3000,0.0,0.25
knn,3000,0.6933333333333334,0.4495302180664016,0.7091731068929623,0.3547805642381395,0.054326923076923,0.0048674333374947,0.0683333333333333,0.238,0.2544277861422362,0.1523871724834093,0.8725318299734419,72.92346092355976,89.49638597333828,knn,500,0.4,5.0,64.0,3000,0.0,0.25
knn,3000,0.6836666666666666,0.4154466619643792,0.6691223858120693,0.3109237573600619,0.0843490980009751,0.0158642333311339,0.0483333333333333,0.2673333333333333,0.2364889076796826,0.1201417693296563,0.8467559957892012,71.48126729123221,81.97249973393332,knn,2000,0.4,5.0,64.0,3000,0.0,0.25
knn,3000,0.7366666666666667,0.3754897208407471,0.62363990438657,0.261702374424642,0.1171945701357466,0.1274834666789198,0.0356666666666666,0.2273333333333333,0.2111562291955548,0.0929260198824193,0.8634559742313823,75.04812602361645,86.1017367525074,knn,20000,0.7,5.0,64.0,3000,0.0,0.25
knn,3000,0.7413333333333333,0.3631273519353062,0.6094754732801998,0.2430583642783527,0.1214028776978417,0.3652564333363746,0.0333333333333333,0.2253333333333333,0.1986693039298115,0.0876890339747167,0.8139417169809549,72.47949943731524,86.30984097858618,knn,200000,1.5,5.0,64.0,3000,0.0,0.25
surrogate-cem-uniform,3000,0.001,1.3208899361524182,1.6346725046433122,1.271720473254168,0.0,0.1726931333153818,0.0,0.993,1.0235326517459555,0.3782566157582916,1.8476681318302264,456.2200615169952,292.3136699287355,surrogate-cem-uniform,500,0.9,5.0,64.0,3000,0.0,0.25
surrogate-grad-uniform,3000,0.017,0.955635014929762,1.4531402259307316,0.7806047224812834,0.0196078431372549,0.1003694333291302,0.002,0.9513333333333334,0.5043496583409682,0.4442293989896538,1.5222540801887057,137.8521874127934,162.27588720975243,surrogate-grad-uniform,500,0.9,5.0,64.0,3000,0.0,0.25
surrogate-cem,3000,0.0033333333333333,0.70523755013599,1.1532513678183067,0.6039275827628265,0.0,0.0855122666495541,0.0133333333333333,0.9416666666666668,0.4181561277655132,0.3711697502638947,2.548963661903623,82.19315716172153,177.98538394979454,surrogate-cem,500,0.7,5.0,64.0,3000,0.0,0.25
surrogate-grad,3000,0.035,0.7802207687962837,1.4114356736467977,0.5474116749196517,0.0285714285714285,0.0951274000108242,0.0346666666666666,0.8723333333333333,0.2339144044351089,0.3987307203949277,1.5077714516767386,135.67092183545458,109.0337320612789,surrogate-grad,500,0.8,5.0,64.0,3000,0.0,0.25
policy-mlp,3000,0.701,0.3920124081464482,0.5913089364972689,0.2988266679037115,0.0903471231573942,0.0004651000102361,0.0433333333333333,0.2426666666666666,0.2670829512674022,0.079035647094261,0.8472056375362218,72.8791502704768,94.827808060536,policy-mlp,500,0.3,5.0,64.0,3000,0.0,0.25
mdn,3000,0.7823333333333333,0.3784226308852491,0.6038927220736472,0.2779343473117914,0.1014060502769493,0.0013610000023618,0.094,0.102,0.2403870477806429,0.0802985898629868,0.9418945494812334,72.30347608065853,92.53607621782386,mdn,500,0.3,5.0,64.0,3000,0.0,0.25
mdn+rank,3000,0.484,0.5396343938023287,0.8850551731647999,0.4439610615836331,0.0282369146005509,0.0013655666649962,0.124,0.382,0.3047394827200301,0.2064518501615779,2.431769298049648,83.60452342853868,82.99169307816395,mdn+rank,500,0.3,5.0,64.0,3000,0.0,0.25
surrogate-cem-uniform,3000,0.0,,,,0.0,0.086410433325606,0.0,0.921,,,,,,surrogate-cem-uniform,2000,0.4,5.0,64.0,3000,0.0,0.25
surrogate-grad-uniform,3000,0.0286666666666666,0.8565426225786725,1.3478342150381808,0.6503252670315732,0.0232558139534883,0.0966451333370059,0.016,0.8393333333333334,0.3381352333601299,0.4260071768686637,1.6816399417726746,127.86557613067956,174.56640954216402,surrogate-grad-uniform,2000,0.8,5.0,64.0,3000,0.0,0.25
surrogate-cem,3000,0.005,0.5140242050508985,1.3293364863045107,0.5481696103358361,0.0,0.0863800666605432,0.0003333333333333,0.9823333333333332,0.4583360090452962,0.2738616477403365,2.7539308435483107,98.56163838512322,41.34842069093659,surrogate-cem,2000,0.7,5.0,64.0,3000,0.0,0.25
surrogate-grad,3000,0.0276666666666666,0.8483367456521341,1.4763007644910715,0.6339433304407112,0.0120481927710843,0.0957359666548048,0.0016666666666666,0.9366666666666666,0.4192701228741481,0.3663462210304546,1.2879568948300673,116.73131139102884,125.03463234076008,surrogate-grad,2000,0.9,5.0,64.0,3000,0.0,0.25
policy-mlp,3000,0.7096666666666667,0.4014351645637218,0.6176576865803864,0.3163656399562872,0.1028651949271958,0.0004056333564221,0.014,0.2763333333333333,0.2948574205359695,0.0638653360516551,0.8641187752582367,72.3609266132413,102.82885725278328,policy-mlp,2000,0.3,5.0,64.0,3000,0.0,0.25
mdn,3000,0.8666666666666667,0.3354111821377602,0.4860588748664782,0.215598344347641,0.1776923076923077,0.0005227666503439,0.0356666666666666,0.097,0.1933836443392164,0.0464212203695572,0.6045947406531962,79.15235357551481,102.01353571872042,mdn,2000,0.3,5.0,64.0,3000,0.0,0.25
mdn+rank,3000,0.638,0.2843485911234717,0.4389563931816065,0.2012275572872767,0.2037617554858934,0.0015354000109558,0.0573333333333333,0.304,0.1732948652916648,0.0536963093123625,0.8995896669368202,52.630154784476346,80.38428422149399,mdn+rank,2000,0.4,5.0,64.0,3000,0.0,0.25
policy-mlp,3000,0.736,0.3321981001031383,0.5651896193979246,0.2412792727234424,0.1802536231884058,0.0004043333077182,0.0016666666666666,0.2623333333333333,0.2254600063321982,0.0553038678650962,0.7400987903903409,65.4871461324759,86.74077755015337,policy-mlp,20000,0.3,5.0,64.0,3000,0.0,0.25
mdn,3000,0.975,0.3015382313759428,0.5171624245456947,0.1203103646835552,0.4157264957264957,0.0006504999861742,0.0013333333333333,0.0236666666666666,0.110922801907185,0.034105054974679,0.7347345862128689,80.11144279094313,93.41882139403526,mdn,20000,0.3,5.0,64.0,3000,0.0,0.25
mdn+rank,3000,0.9143333333333332,0.3533526093895338,0.5979731369164214,0.1304219949934526,0.3682099890630696,0.0013755333299438,0.0003333333333333,0.0853333333333333,0.1214370752462543,0.0297887648302087,0.8463674507114121,97.62890779365048,116.2660172268502,mdn+rank,20000,0.3,5.0,64.0,3000,0.0,0.25
policy-mlp,3000,0.7366666666666667,0.3276611030391716,0.5706350978767889,0.2384806480304997,0.1963800904977375,0.0005416666778425,0.0006666666666666,0.2626666666666666,0.2250215843755331,0.0553661051018241,0.7221679188497663,63.97550227475392,84.12353806271496,policy-mlp,200000,0.3,5.0,64.0,3000,0.0,0.25
mdn,3000,0.9853333333333332,0.2972677352572218,0.5170732654090022,0.1047320816244544,0.4800405953991881,0.0005491333237538,0.0,0.0146666666666666,0.0948731498004532,0.0272581332971841,0.7582620321062743,71.57151684366258,107.9843217471842,mdn,200000,0.3,5.0,64.0,3000,0.0,0.25
mdn+rank,3000,0.9576666666666668,0.2630846496366252,0.4906570434666366,0.1126825078195678,0.4305603898364079,0.00126333332931,0.0,0.0423333333333333,0.0997466423270142,0.0327609273237323,0.8713502865735592,69.0340838587424,78.40369808127235,mdn+rank,200000,0.3,5.0,64.0,3000,0.0,0.25
cem-oracle,3000,0.997,0.3605911142763851,0.6192753551491513,0.18731499402489427,0.1815446339017051,45.66295626666397,0.0003333333333333333,0.001,0.1364108539702994,0.0809006723821702,0.8483122822507703,86.10907621148982,94.67347077503283,oracle,0,137.7,8.0,256.0,3000,8.0,0.25
knn,3000,0.7893333333333333,0.30850159803042665,0.5216956780515208,0.2525244942208412,0.12964527027027026,0.037556533313666776,0.034333333333333334,0.17566666666666667,0.18541608790374015,0.10679252578984816,0.6207071632810293,46.71817335737262,46.89716152920228,knn (hq+robust demos),20000,0.5,8.0,256.0,3000,8.0,0.25
knn,3000,0.833,0.2618351160929852,0.4653645708789391,0.19807966694424364,0.19687875150060025,0.36635446664877236,0.026333333333333334,0.14066666666666666,0.14968318010913872,0.07605264890550448,0.617432315261822,42.87634161261471,47.44039655627921,knn (hq+robust demos),200000,1.5,8.0,256.0,3000,8.0,0.25
surrogate-cem-uniform,3000,0.0026666666666666666,0.9622548952319896,1.1598098379252082,0.8325197356414,0.0,0.20964880000489455,0.0023333333333333335,0.9946666666666667,0.6945096027770433,0.13905527779982252,11.37246223478819,16.993131762935633,53.42857653926323,surrogate-cem-uniform,20000,1.2,8.0,256.0,3000,8.0,0.25
surrogate-grad-uniform,3000,0.09066666666666667,0.7195323353097199,1.1104381858154677,0.5213869735248395,0.011029411764705883,0.09454396665872386,0.07366666666666667,0.7593333333333333,0.3440124409101124,0.2976609117148699,1.551233543667045,108.67573979869505,145.29916604608798,surrogate-grad-uniform,20000,0.7,8.0,256.0,3000,8.0,0.25
surrogate-cem,3000,0.3516666666666667,0.594051717442251,0.9295116721920098,0.47521106942365193,0.02843601895734597,0.07533986668568105,0.011666666666666667,0.6256666666666667,0.3858447243709643,0.17161248131579698,0.624061572411466,105.38780443249829,131.14112339118074,surrogate-cem,20000,0.5,8.0,256.0,3000,8.0,0.25
surrogate-grad,3000,0.26066666666666666,0.7451621550908627,1.2023700138575164,0.5931312977561454,0.014066496163682864,0.0895865666680038,0.043333333333333335,0.6693333333333333,0.37744739491617263,0.3205280111706683,0.8373357047847403,116.58771444773538,158.1722932429322,surrogate-grad,20000,0.6,8.0,256.0,3000,8.0,0.25
policy-mlp,3000,0.8466666666666667,0.23641681890848915,0.4383956880302671,0.17788262109367053,0.2574803149606299,0.0003790333090970914,0.008666666666666666,0.14366666666666666,0.15218361346213294,0.053313671714133204,0.5479590764298448,38.454809246286246,55.283249018248796,policy-mlp (hq+robust demos),20000,0.3,8.0,256.0,3000,8.0,0.25
mdn,3000,0.9086666666666666,0.20118776951322997,0.38705710348767586,0.11328085367006915,0.43947175348495965,0.0011633999723320207,0.019666666666666666,0.06833333333333333,0.09188227528512438,0.035765220058761246,0.5657460132854641,38.623698819833685,43.99125780865332,mdn (hq+robust demos),20000,0.3,8.0,256.0,3000,8.0,0.25
mdn+rank,3000,0.867,0.27663685170308794,0.4602464730505443,0.14314544695122922,0.328719723183391,0.0010373999830335379,0.021,0.10933333333333334,0.11836008156086941,0.041211651832050805,0.63963143811465,68.05506368862945,87.36741216095314,mdn+rank (hq+robust demos),20000,0.3,8.0,256.0,3000,8.0,0.25
surrogate-cem-uniform,3000,0.32966666666666666,0.7252994076238363,1.1106850710417053,0.5987828066577064,0.027300303336703743,0.07645939996776482,0.0003333333333333333,0.6693333333333333,0.4816455699859054,0.23042609013036092,1.340990495758029,176.3783388942689,89.81835051972388,surrogate-cem-uniform,200000,0.9,8.0,256.0,3000,8.0,0.25
surrogate-grad-uniform,3000,0.422,0.8775764839701118,1.3731465874384012,0.6206124642947344,0.018957345971563982,0.09086759997686993,0.034666666666666665,0.5303333333333333,0.344840027202106,0.36470660375506614,1.213720719079129,161.76271774983576,152.96235954706043,surrogate-grad-uniform,200000,0.8,8.0,256.0,3000,8.0,0.25
surrogate-cem,3000,0.8856666666666667,0.515009252531661,0.8261141555784524,0.33041565449757504,0.07452013549115544,0.07523576666911443,0.019,0.09166666666666666,0.23923493739056,0.13692057905889163,0.9945661601879614,111.16125878925527,99.88502715704604,surrogate-cem,200000,0.7,8.0,256.0,3000,8.0,0.25
surrogate-grad,3000,0.649,0.684640927880554,1.114119915412331,0.43337340628900095,0.03492552645095018,0.0894313333556056,0.09233333333333334,0.22733333333333333,0.26791227409600094,0.23095310618682308,1.0683277866474121,150.52146261842978,150.83335974952757,surrogate-grad,200000,0.8,8.0,256.0,3000,8.0,0.25
policy-mlp,3000,0.8516666666666667,0.17707937932677745,0.3696450558312154,0.11782817660987474,0.43796477495107633,0.0003706333227455616,0.0026666666666666666,0.14566666666666667,0.10994661463623046,0.02975752657136066,0.5067278078550137,34.229732584516626,43.75501685063085,policy-mlp (hq+robust demos),200000,0.3,8.0,256.0,3000,8.0,0.25
mdn,3000,0.9773333333333334,0.16966334968330227,0.38030646457694167,0.07034021121302567,0.6739427012278308,0.00044779999492069084,0.0006666666666666666,0.022,0.06245664006211993,0.019237344606862633,0.5663464716611282,42.336571671163924,38.26213359161619,mdn (hq+robust demos),200000,0.3,8.0,256.0,3000,8.0,0.25
mdn+rank,3000,0.9243333333333333,0.17613098572863137,0.42829066635162466,0.07876923638361708,0.6134150739271547,0.0011357333278283477,0.009333333333333334,0.06633333333333333,0.07129866703045351,0.021114384635054856,0.593912677427519,44.35955020883031,42.60112640896327,mdn+rank (hq+robust demos),200000,0.4,8.0,256.0,3000,8.0,0.25
